Source; Target; Label; Weight
Sistemas de Informação I; Lab. de Intercon. de Redes de Computadores; 0.300222644122393; 0.300222644122393
Lab. de Estrutura de Dados e Algoritmos; Gerência da Informação; 0.301021638464612; 0.301021638464612
Teoria da Computação; Álgebra Vetorial e Geometria Analítica; 0.301036330354926; 0.301036330354926
Laboratório de Programação II; Banco de Dados I; 0.30134773436133; 0.30134773436133
Fundamentos de Física Clássica; Estrutura de Dados e Algoritmos; 0.301538243888743; 0.301538243888743
Teoria dos Grafos; Cálculo Diferencial e Integral II; 0.301545721848867; 0.301545721848867
Laboratório de Engenharia de Software; Compiladores; 0.301910245921087; 0.301910245921087
Inteligência Artificial I; Cálculo Diferencial e Integral II; 0.301978623846822; 0.301978623846822
Sistemas Operacionais; Gerência da Informação; 0.302034064627743; 0.302034064627743
Teoria da Computação; Métodos Estatisticos; 0.302182328378727; 0.302182328378727
Sistemas Operacionais; Engenharia de Software I; 0.302314412197126; 0.302314412197126
Probabilidade e Estatistica; Lab. de Intercon. de Redes de Computadores; 0.302344814624062; 0.302344814624062
Sistemas de Informação II; Aval. de Desempenho de Sistemas Discretos; 0.302457186843714; 0.302457186843714
Probabilidade e Estatistica; Interconexão de Redes de Computadores; 0.302689678121962; 0.302689678121962
Redes de Computadores; Laboratório de Programação II; 0.302836988597158; 0.302836988597158
Fundamentos de Física Moderna; Cálculo Diferencial e Integral II; 0.302951716308059; 0.302951716308059
Lab. de Org. e Arquitetura de Computadores; Compiladores; 0.303109095341983; 0.303109095341983
Interconexão de Redes de Computadores; Estrutura de Dados e Algoritmos; 0.30314890802417; 0.30314890802417
Métodos Estatisticos; Fundamentos de Física Clássica; 0.303336504537453; 0.303336504537453
Probabilidade e Estatistica; Inteligência Artificial I; 0.304005524857711; 0.304005524857711
Sistemas Operacionais; Laboratório de Programação II; 0.304038532595037; 0.304038532595037
Teoria da Computação; Sistemas de Informação II; 0.304374211056279; 0.304374211056279
Matemática Discreta; Fundamentos de Física Moderna; 0.304480633660056; 0.304480633660056
Lab. de Intercon. de Redes de Computadores; Banco de Dados II; 0.304559732760905; 0.304559732760905
Métodologia Científica; Inteligência Artificial I; 0.305615270810924; 0.305615270810924
Matemática Discreta; Compiladores; 0.305699192490846; 0.305699192490846
Laboratório de Programação I; Análise e Técnica de Algoritmos; 0.305718232890305; 0.305718232890305
Probabilidade e Estatistica; Álgebra Vetorial e Geometria Analítica; 0.305719583876988; 0.305719583876988
Projeto em Computação II; Laboratório de Engenharia de Software; 0.305926460947139; 0.305926460947139
Teoria dos Grafos; Cálculo Diferencial e Integral I; 0.306234188278781; 0.306234188278781
Sistemas de Informação II; Matemática Discreta; 0.306312841019954; 0.306312841019954
Sistemas Operacionais; Métodologia Científica; 0.306547251034284; 0.306547251034284
Sistemas de Informação I; Engenharia de Software I; 0.306930084403491; 0.306930084403491
Métodos e Software Numéricos; Inteligência Artificial I; 0.307230735965367; 0.307230735965367
Matemática Discreta; Banco de Dados I; 0.30742708612372; 0.30742708612372
Interconexão de Redes de Computadores; Banco de Dados II; 0.30760297478847; 0.30760297478847
Probabilidade e Estatistica; Fundamentos de Física Moderna; 0.307729397505059; 0.307729397505059
Fundamentos de Física Clássica; Álgebra Vetorial e Geometria Analítica; 0.307810650680142; 0.307810650680142
Teoria da Computação; Laboratório de Programação I; 0.307959358218319; 0.307959358218319
Programação I; Banco de Dados II; 0.308472844396812; 0.308472844396812
Banco de Dados I; Álgebra Linear I; 0.308755092572838; 0.308755092572838
Lab. de Org. e Arquitetura de Computadores; Análise e Técnica de Algoritmos; 0.308960203845646; 0.308960203845646
Teoria dos Grafos; Probabilidade e Estatistica; 0.308989806716695; 0.308989806716695
Redes de Computadores; Probabilidade e Estatistica; 0.309260595437739; 0.309260595437739
Fundamentos de Física Moderna; Estrutura de Dados e Algoritmos; 0.30951966418977; 0.30951966418977
Inteligência Artificial I; Engenharia de Software I; 0.309642642888826; 0.309642642888826
Projeto em Computação I; Laboratório de Engenharia de Software; 0.310185794383368; 0.310185794383368
Introdução à Computação; Fundamentos de Física Moderna; 0.310470186216384; 0.310470186216384
Banco de Dados II; Álgebra Vetorial e Geometria Analítica; 0.310473929355134; 0.310473929355134
Compiladores; Aval. de Desempenho de Sistemas Discretos; 0.31051813670907; 0.31051813670907
Probabilidade e Estatistica; Análise e Técnica de Algoritmos; 0.310544708425289; 0.310544708425289
Org. e Arquitetura de Computadores I; Métodos e Software Numéricos; 0.310828434837492; 0.310828434837492
Sistemas de Informação I; Inteligência Artificial I; 0.311309821217318; 0.311309821217318
Programação I; Compiladores; 0.311479707760009; 0.311479707760009
Sistemas de Informação I; Álgebra Vetorial e Geometria Analítica; 0.312047165798774; 0.312047165798774
Probabilidade e Estatistica; Compiladores; 0.313527219543925; 0.313527219543925
Probabilidade e Estatistica; Banco de Dados II; 0.314667602570031; 0.314667602570031
Gerência da Informação; Álgebra Linear I; 0.314713423275531; 0.314713423275531
Inteligência Artificial I; Aval. de Desempenho de Sistemas Discretos; 0.315339984705447; 0.315339984705447
Métodos e Software Numéricos; Laboratório de Engenharia de Software; 0.315376952671294; 0.315376952671294
Estrutura de Dados e Algoritmos; Banco de Dados II; 0.315922452044069; 0.315922452044069
Sistemas Operacionais; Aval. de Desempenho de Sistemas Discretos; 0.315930460301107; 0.315930460301107
Redes de Computadores; Inteligência Artificial I; 0.315941105389365; 0.315941105389365
Inteligência Artificial I; Estrutura de Dados e Algoritmos; 0.316041602094217; 0.316041602094217
Probabilidade e Estatistica; Cálculo Diferencial e Integral II; 0.316131245836399; 0.316131245836399
Cálculo Diferencial e Integral I; Banco de Dados II; 0.316295737029092; 0.316295737029092
Programação I; Álgebra Vetorial e Geometria Analítica; 0.31678958454355; 0.31678958454355
Lógica Matemática; Aval. de Desempenho de Sistemas Discretos; 0.317025637058648; 0.317025637058648
Cálculo Diferencial e Integral I; Álgebra Linear I; 0.317674153638708; 0.317674153638708
Lógica Matemática; Lab. de Intercon. de Redes de Computadores; 0.317823151336435; 0.317823151336435
Engenharia de Software I; Banco de Dados II; 0.318091888376602; 0.318091888376602
Engenharia de Software I; Banco de Dados I; 0.318339822308413; 0.318339822308413
Laboratório de Engenharia de Software; Engenharia de Software I; 0.320104987096916; 0.320104987096916
Lab. de Intercon. de Redes de Computadores; Análise e Técnica de Algoritmos; 0.320334812837621; 0.320334812837621
Interconexão de Redes de Computadores; Análise e Técnica de Algoritmos; 0.320683732968295; 0.320683732968295
Teoria da Computação; Inteligência Artificial I; 0.320935976103188; 0.320935976103188
Inteligência Artificial I; Álgebra Linear I; 0.321019605720667; 0.321019605720667
Redes de Computadores; Matemática Discreta; 0.321324343508623; 0.321324343508623
Lab. de Org. e Arquitetura de Computadores; Estrutura de Dados e Algoritmos; 0.321363538513324; 0.321363538513324
Programação II; Cálculo Diferencial e Integral I; 0.321380332977224; 0.321380332977224
Paradigmas de Ling. de Programação; Álgebra Linear I; 0.322002782489074; 0.322002782489074
Programação II; Gerência da Informação; 0.322087287320011; 0.322087287320011
Org. e Arquitetura de Computadores I; Gerência da Informação; 0.322427794312571; 0.322427794312571
Sistemas de Informação II; Introdução à Computação; 0.322518273335436; 0.322518273335436
Probabilidade e Estatistica; Cálculo Diferencial e Integral I; 0.322856861121011; 0.322856861121011
Teoria da Computação; Sistemas Operacionais; 0.32288311841145; 0.32288311841145
Redes de Computadores; Programação I; 0.323309267637336; 0.323309267637336
Lógica Matemática; Interconexão de Redes de Computadores; 0.323419162233729; 0.323419162233729
Org. e Arquitetura de Computadores I; Laboratório de Programação II; 0.323541500792635; 0.323541500792635
Teoria da Computação; Laboratório de Programação II; 0.32359904904908; 0.32359904904908
Sistemas Operacionais; Introdução à Computação; 0.323683571845114; 0.323683571845114
Lab. de Estrutura de Dados e Algoritmos; Aval. de Desempenho de Sistemas Discretos; 0.323775801672717; 0.323775801672717
Sistemas de Informação I; Gerência da Informação; 0.324925444448728; 0.324925444448728
Interconexão de Redes de Computadores; Engenharia de Software I; 0.325213913122618; 0.325213913122618
Introdução à Computação; Banco de Dados II; 0.326032368260375; 0.326032368260375
Redes de Computadores; Métodos Estatisticos; 0.326575306756119; 0.326575306756119
Matemática Discreta; Análise e Técnica de Algoritmos; 0.327117982338964; 0.327117982338964
Paradigmas de Ling. de Programação; Lab. de Org. e Arquitetura de Computadores; 0.327453906321716; 0.327453906321716
Redes de Computadores; Fundamentos de Física Clássica; 0.327650664546094; 0.327650664546094
Sistemas de Informação I; Probabilidade e Estatistica; 0.329397433390938; 0.329397433390938
Laboratório de Programação I; Compiladores; 0.329409660796266; 0.329409660796266
Fundamentos de Física Clássica; Cálculo Diferencial e Integral I; 0.329547429789363; 0.329547429789363
Estrutura de Dados e Algoritmos; Álgebra Vetorial e Geometria Analítica; 0.329860063480975; 0.329860063480975
Teoria dos Grafos; Sistemas de Informação II; 0.329930226507918; 0.329930226507918
Projeto em Computação I; Aval. de Desempenho de Sistemas Discretos; 0.330504738644273; 0.330504738644273
Lab. de Intercon. de Redes de Computadores; Engenharia de Software I; 0.330611648194598; 0.330611648194598
Lab. de Estrutura de Dados e Algoritmos; Fundamentos de Física Clássica; 0.331207309761042; 0.331207309761042
Lab. de Estrutura de Dados e Algoritmos; Inteligência Artificial I; 0.331482355236995; 0.331482355236995
Fundamentos de Física Moderna; Aval. de Desempenho de Sistemas Discretos; 0.332025468413338; 0.332025468413338
Lab. de Org. e Arquitetura de Computadores; Banco de Dados I; 0.33221155837933; 0.33221155837933
Lab. de Estrutura de Dados e Algoritmos; Fundamentos de Física Moderna; 0.332337846493877; 0.332337846493877
Inteligência Artificial I; Banco de Dados II; 0.332769732332276; 0.332769732332276
Teoria dos Grafos; Banco de Dados I; 0.332954126595553; 0.332954126595553
Sistemas de Informação II; Probabilidade e Estatistica; 0.333313101404185; 0.333313101404185
Teoria da Computação; Compiladores; 0.333850147221503; 0.333850147221503
Probabilidade e Estatistica; Banco de Dados I; 0.334281710764034; 0.334281710764034
Paradigmas de Ling. de Programação; Lab. de Intercon. de Redes de Computadores; 0.334301059256199; 0.334301059256199
Paradigmas de Ling. de Programação; Interconexão de Redes de Computadores; 0.334603128970555; 0.334603128970555
Métodos e Software Numéricos; Aval. de Desempenho de Sistemas Discretos; 0.33468663216085; 0.33468663216085
Sistemas Operacionais; Laboratório de Programação I; 0.334787883262802; 0.334787883262802
Paradigmas de Ling. de Programação; Matemática Discreta; 0.335350166778258; 0.335350166778258
Teoria dos Grafos; Banco de Dados II; 0.336146335942934; 0.336146335942934
Sistemas Operacionais; Probabilidade e Estatistica; 0.337340599579665; 0.337340599579665
Sistemas de Informação II; Inteligência Artificial I; 0.337474868029239; 0.337474868029239
Org. e Arquitetura de Computadores I; Fundamentos de Física Clássica; 0.337719550544541; 0.337719550544541
Métodos Estatisticos; Banco de Dados I; 0.339192301677278; 0.339192301677278
Cálculo Diferencial e Integral II; Banco de Dados II; 0.339458437793501; 0.339458437793501
Programação II; Banco de Dados II; 0.339741250788467; 0.339741250788467
Teoria dos Grafos; Redes de Computadores; 0.340397946451173; 0.340397946451173
Paradigmas de Ling. de Programação; Inteligência Artificial I; 0.340685396957838; 0.340685396957838
Teoria dos Grafos; Álgebra Vetorial e Geometria Analítica; 0.341816476394545; 0.341816476394545
Teoria dos Grafos; Álgebra Linear I; 0.341885276455652; 0.341885276455652
Laboratório de Engenharia de Software; Banco de Dados I; 0.342203987975714; 0.342203987975714
Métodos e Software Numéricos; Compiladores; 0.342365047250186; 0.342365047250186
Introdução à Computação; Compiladores; 0.342799091495974; 0.342799091495974
Sistemas de Informação I; Programação I; 0.343944825137096; 0.343944825137096
Sistemas Operacionais; Métodos Estatisticos; 0.344489861524493; 0.344489861524493
Laboratório de Programação I; Álgebra Vetorial e Geometria Analítica; 0.344537071142176; 0.344537071142176
Sistemas de Informação I; Laboratório de Programação I; 0.344901910781352; 0.344901910781352
Estrutura de Dados e Algoritmos; Compiladores; 0.34495291317283; 0.34495291317283
Lógica Matemática; Fundamentos de Física Moderna; 0.345318436732684; 0.345318436732684
Cálculo Diferencial e Integral II; Álgebra Vetorial e Geometria Analítica; 0.345966753506373; 0.345966753506373
Teoria da Computação; Introdução à Computação; 0.346213585144402; 0.346213585144402
Org. e Arquitetura de Computadores I; Cálculo Diferencial e Integral II; 0.346551358157265; 0.346551358157265
Compiladores; Álgebra Linear I; 0.346853211219139; 0.346853211219139
Sistemas de Informação I; Redes de Computadores; 0.348235150522669; 0.348235150522669
Métodos Estatisticos; Aval. de Desempenho de Sistemas Discretos; 0.348402215352538; 0.348402215352538
Sistemas de Informação II; Engenharia de Software I; 0.34874904803787; 0.34874904803787
Engenharia de Software I; Compiladores; 0.349257352322351; 0.349257352322351
Cálculo Diferencial e Integral II; Cálculo Diferencial e Integral I; 0.349656377405037; 0.349656377405037
Banco de Dados II; Análise e Técnica de Algoritmos; 0.349739246547715; 0.349739246547715
Métodos Estatisticos; Análise e Técnica de Algoritmos; 0.34991190388547; 0.34991190388547
Org. e Arquitetura de Computadores I; Interconexão de Redes de Computadores; 0.35102481319404; 0.35102481319404
Métodos Estatisticos; Banco de Dados II; 0.351028697439303; 0.351028697439303
Lab. de Estrutura de Dados e Algoritmos; Cálculo Diferencial e Integral I; 0.351097605448515; 0.351097605448515
Paradigmas de Ling. de Programação; Métodos Estatisticos; 0.351200424625506; 0.351200424625506
Lab. de Estrutura de Dados e Algoritmos; Interconexão de Redes de Computadores; 0.351217131796973; 0.351217131796973
Sistemas de Informação II; Análise e Técnica de Algoritmos; 0.351449227302659; 0.351449227302659
Leitura e Produção de Textos; Introdução à Computação; 0.352081904043872; 0.352081904043872
Lab. de Intercon. de Redes de Computadores; Banco de Dados I; 0.352544110498752; 0.352544110498752
Teoria dos Grafos; Inteligência Artificial I; 0.352572057811913; 0.352572057811913
Org. e Arquitetura de Computadores I; Fundamentos de Física Moderna; 0.352695100659702; 0.352695100659702
Interconexão de Redes de Computadores; Banco de Dados I; 0.352877651445164; 0.352877651445164
Fundamentos de Física Clássica; Banco de Dados II; 0.353303845729827; 0.353303845729827
Teoria da Computação; Álgebra Linear I; 0.353353081287374; 0.353353081287374
Lab. de Intercon. de Redes de Computadores; Lab. de Estrutura de Dados e Algoritmos; 0.353515061743329; 0.353515061743329
Matemática Discreta; Álgebra Vetorial e Geometria Analítica; 0.353857211614825; 0.353857211614825
Org. e Arquitetura de Computadores I; Lab. de Intercon. de Redes de Computadores; 0.354329201667264; 0.354329201667264
Banco de Dados I; Aval. de Desempenho de Sistemas Discretos; 0.354387672582595; 0.354387672582595
Programação II; Inteligência Artificial I; 0.354606408236085; 0.354606408236085
Sistemas de Informação II; Lab. de Estrutura de Dados e Algoritmos; 0.354618298811866; 0.354618298811866
Programação I; Matemática Discreta; 0.354832142241102; 0.354832142241102
Laboratório de Programação II; Álgebra Linear I; 0.355352960310321; 0.355352960310321
Teoria da Computação; Análise e Técnica de Algoritmos; 0.355798170501692; 0.355798170501692
Sistemas Operacionais; Sistemas de Informação I; 0.355863894683796; 0.355863894683796
Org. e Arquitetura de Computadores I; Engenharia de Software I; 0.35616465499166; 0.35616465499166
Lab. de Estrutura de Dados e Algoritmos; Álgebra Vetorial e Geometria Analítica; 0.356629597534898; 0.356629597534898
Lab. de Intercon. de Redes de Computadores; Compiladores; 0.357098256683782; 0.357098256683782
Teoria dos Grafos; Sistemas de Informação I; 0.357438929615135; 0.357438929615135
Lab. de Estrutura de Dados e Algoritmos; Análise e Técnica de Algoritmos; 0.357533896603411; 0.357533896603411
Redes de Computadores; Lógica Matemática; 0.357756080408763; 0.357756080408763
Fundamentos de Física Clássica; Álgebra Linear I; 0.358296611429306; 0.358296611429306
Estrutura de Dados e Algoritmos; Cálculo Diferencial e Integral I; 0.358384660098753; 0.358384660098753
Lógica Matemática; Cálculo Diferencial e Integral I; 0.358448644572415; 0.358448644572415
Interconexão de Redes de Computadores; Compiladores; 0.358946300308394; 0.358946300308394
Sistemas de Informação I; Matemática Discreta; 0.359175813488326; 0.359175813488326
Fundamentos de Física Moderna; Álgebra Linear I; 0.3605796603031; 0.3605796603031
Lab. de Estrutura de Dados e Algoritmos; Banco de Dados II; 0.361406875962816; 0.361406875962816
Banco de Dados II; Aval. de Desempenho de Sistemas Discretos; 0.361529809267433; 0.361529809267433
Programação II; Álgebra Vetorial e Geometria Analítica; 0.361632351445251; 0.361632351445251
Sistemas de Informação II; Interconexão de Redes de Computadores; 0.361690307956375; 0.361690307956375
Sistemas de Informação II; Lab. de Intercon. de Redes de Computadores; 0.361697701956803; 0.361697701956803
Teoria dos Grafos; Sistemas Operacionais; 0.361908067228793; 0.361908067228793
Lab. de Estrutura de Dados e Algoritmos; Álgebra Linear I; 0.362466938799513; 0.362466938799513
Probabilidade e Estatistica; Estrutura de Dados e Algoritmos; 0.36271528634746; 0.36271528634746
Org. e Arquitetura de Computadores I; Matemática Discreta; 0.363369391698034; 0.363369391698034
Sistemas de Informação II; Estrutura de Dados e Algoritmos; 0.36384767797587; 0.36384767797587
Sistemas de Informação II; Programação II; 0.363948109510853; 0.363948109510853
Programação II; Banco de Dados I; 0.364062034247493; 0.364062034247493
Compiladores; Banco de Dados II; 0.364083006943108; 0.364083006943108
Paradigmas de Ling. de Programação; Estrutura de Dados e Algoritmos; 0.364925095673609; 0.364925095673609
Sistemas de Informação II; Álgebra Linear I; 0.36509051773858; 0.36509051773858
Banco de Dados II; Álgebra Linear I; 0.365684309495536; 0.365684309495536
Teoria dos Grafos; Programação I; 0.366603296249349; 0.366603296249349
Programação II; Álgebra Linear I; 0.366642490824867; 0.366642490824867
Sistemas de Informação I; Banco de Dados II; 0.368605761542693; 0.368605761542693
Probabilidade e Estatistica; Lab. de Estrutura de Dados e Algoritmos; 0.370295553733286; 0.370295553733286
Teoria da Computação; Banco de Dados I; 0.370711059416685; 0.370711059416685
Redes de Computadores; Análise e Técnica de Algoritmos; 0.371069596785065; 0.371069596785065
Programação II; Análise e Técnica de Algoritmos; 0.371589758413214; 0.371589758413214
Redes de Computadores; Banco de Dados II; 0.371591161556528; 0.371591161556528
Sistemas de Informação I; Paradigmas de Ling. de Programação; 0.371768102931363; 0.371768102931363
Probabilidade e Estatistica; Paradigmas de Ling. de Programação; 0.372573163628776; 0.372573163628776
Sistemas de Informação I; Laboratório de Programação II; 0.372724165008097; 0.372724165008097
Probabilidade e Estatistica; Org. e Arquitetura de Computadores I; 0.373085862457076; 0.373085862457076
Sistemas de Informação I; Análise e Técnica de Algoritmos; 0.373108546483458; 0.373108546483458
Lógica Matemática; Álgebra Vetorial e Geometria Analítica; 0.373619641185739; 0.373619641185739
Teoria da Computação; Cálculo Diferencial e Integral II; 0.37363060066667; 0.37363060066667
Teoria dos Grafos; Análise e Técnica de Algoritmos; 0.373909905628904; 0.373909905628904
Estrutura de Dados e Algoritmos; Análise e Técnica de Algoritmos; 0.37423251329413; 0.37423251329413
Teoria dos Grafos; Laboratório de Programação I; 0.374747290786874; 0.374747290786874
Introdução à Computação; Gerência da Informação; 0.375529244116651; 0.375529244116651
Teoria da Computação; Paradigmas de Ling. de Programação; 0.37553846658199; 0.37553846658199
Sistemas de Informação I; Introdução à Computação; 0.375592113081204; 0.375592113081204
Teoria dos Grafos; Org. e Arquitetura de Computadores I; 0.375919649732188; 0.375919649732188
Matemática Discreta; Laboratório de Programação I; 0.376872968885283; 0.376872968885283
Paradigmas de Ling. de Programação; Análise e Técnica de Algoritmos; 0.377108518815401; 0.377108518815401
Matemática Discreta; Cálculo Diferencial e Integral II; 0.377779630000675; 0.377779630000675
Introdução à Computação; Inteligência Artificial I; 0.378080424387665; 0.378080424387665
Teoria dos Grafos; Teoria da Computação; 0.379147444717853; 0.379147444717853
Inteligência Artificial I; Banco de Dados I; 0.379273252056702; 0.379273252056702
Lógica Matemática; Introdução à Computação; 0.380309468773635; 0.380309468773635
Org. e Arquitetura de Computadores I; Introdução à Computação; 0.380955564138172; 0.380955564138172
Programação II; Lógica Matemática; 0.380997293399932; 0.380997293399932
Teoria dos Grafos; Paradigmas de Ling. de Programação; 0.3810518417636; 0.3810518417636
Lab. de Estrutura de Dados e Algoritmos; Cálculo Diferencial e Integral II; 0.382049857401628; 0.382049857401628
Sistemas de Informação I; Álgebra Linear I; 0.382355828446129; 0.382355828446129
Matemática Discreta; Lógica Matemática; 0.382768222007998; 0.382768222007998
Introdução à Computação; Álgebra Linear I; 0.383471602981099; 0.383471602981099
Probabilidade e Estatistica; Métodos Estatisticos; 0.383796213114586; 0.383796213114586
Lab. de Estrutura de Dados e Algoritmos; Compiladores; 0.385333403411836; 0.385333403411836
Teoria dos Grafos; Compiladores; 0.385439539610721; 0.385439539610721
Sistemas Operacionais; Banco de Dados I; 0.385621947032366; 0.385621947032366
Redes de Computadores; Paradigmas de Ling. de Programação; 0.385664882601294; 0.385664882601294
Estrutura de Dados e Algoritmos; Cálculo Diferencial e Integral II; 0.387105467751855; 0.387105467751855
Banco de Dados I; Análise e Técnica de Algoritmos; 0.387964389018882; 0.387964389018882
Org. e Arquitetura de Computadores I; Compiladores; 0.38820276542011; 0.38820276542011
Sistemas Operacionais; Análise e Técnica de Algoritmos; 0.389074627420962; 0.389074627420962
Org. e Arquitetura de Computadores I; Aval. de Desempenho de Sistemas Discretos; 0.389412751975697; 0.389412751975697
Sistemas de Informação II; Métodos Estatisticos; 0.389446972803422; 0.389446972803422
Matemática Discreta; Laboratório de Programação II; 0.390064879981031; 0.390064879981031
Redes de Computadores; Laboratório de Programação I; 0.390888653662867; 0.390888653662867
Sistemas de Informação II; Compiladores; 0.392234725564185; 0.392234725564185
Redes de Computadores; Estrutura de Dados e Algoritmos; 0.392397979261514; 0.392397979261514
Sistemas Operacionais; Estrutura de Dados e Algoritmos; 0.39241097025409; 0.39241097025409
Redes de Computadores; Lab. de Estrutura de Dados e Algoritmos; 0.393770709605081; 0.393770709605081
Org. e Arquitetura de Computadores I; Métodos Estatisticos; 0.394950618254497; 0.394950618254497
Compiladores; Análise e Técnica de Algoritmos; 0.394985047951124; 0.394985047951124
Org. e Arquitetura de Computadores I; Inteligência Artificial I; 0.395625298018665; 0.395625298018665
Programação II; Org. e Arquitetura de Computadores I; 0.39581675094342; 0.39581675094342
Redes de Computadores; Banco de Dados I; 0.39590699721433; 0.39590699721433
Introdução à Computação; Cálculo Diferencial e Integral I; 0.396079400266088; 0.396079400266088
Programação I; Estrutura de Dados e Algoritmos; 0.396651209872884; 0.396651209872884
Redes de Computadores; Álgebra Linear I; 0.397304168325581; 0.397304168325581
Lógica Matemática; Banco de Dados II; 0.398091847823213; 0.398091847823213
Laboratório de Programação II; Estrutura de Dados e Algoritmos; 0.398367143119321; 0.398367143119321
Sistemas de Informação II; Paradigmas de Ling. de Programação; 0.398417877354165; 0.398417877354165
Laboratório de Programação II; Álgebra Vetorial e Geometria Analítica; 0.399051100745241; 0.399051100745241
Teoria da Computação; Programação II; 0.399448510147928; 0.399448510147928
Matemática Discreta; Cálculo Diferencial e Integral I; 0.401356711516191; 0.401356711516191
Sistemas de Informação I; Compiladores; 0.401417632505961; 0.401417632505961
Estrutura de Dados e Algoritmos; Álgebra Linear I; 0.401939432975933; 0.401939432975933
Programação I; Lab. de Estrutura de Dados e Algoritmos; 0.402548412044666; 0.402548412044666
Teoria da Computação; Matemática Discreta; 0.402579160975127; 0.402579160975127
Programação II; Compiladores; 0.404777957862832; 0.404777957862832
Matemática Discreta; Introdução à Computação; 0.405506801220367; 0.405506801220367
Probabilidade e Estatistica; Lógica Matemática; 0.405599161592418; 0.405599161592418
Sistemas de Informação II; Sistemas de Informação I; 0.406622972944488; 0.406622972944488
Sistemas de Informação II; Banco de Dados I; 0.407667409548276; 0.407667409548276
Inteligência Artificial I; Análise e Técnica de Algoritmos; 0.4077896133882; 0.4077896133882
Paradigmas de Ling. de Programação; Compiladores; 0.408522587139035; 0.408522587139035
Métodos Estatisticos; Compiladores; 0.408955059409249; 0.408955059409249
Teoria da Computação; Sistemas de Informação I; 0.409606772256615; 0.409606772256615
Redes de Computadores; Programação II; 0.409645598191098; 0.409645598191098
Matemática Discreta; Lab. de Estrutura de Dados e Algoritmos; 0.409737830612769; 0.409737830612769
Matemática Discreta; Álgebra Linear I; 0.409962105135054; 0.409962105135054
Cálculo Diferencial e Integral II; Álgebra Linear I; 0.411300832986159; 0.411300832986159
Teoria dos Grafos; Laboratório de Programação II; 0.412145054363685; 0.412145054363685
Sistemas Operacionais; Inteligência Artificial I; 0.412685512903163; 0.412685512903163
Lógica Matemática; Cálculo Diferencial e Integral II; 0.415060857552183; 0.415060857552183
Probabilidade e Estatistica; Álgebra Linear I; 0.415340263387585; 0.415340263387585
Teoria dos Grafos; Estrutura de Dados e Algoritmos; 0.41603747251039; 0.41603747251039
Redes de Computadores; Compiladores; 0.416330405995686; 0.416330405995686
Sistemas de Informação II; Banco de Dados II; 0.416479476190653; 0.416479476190653
Programação II; Matemática Discreta; 0.417565345546622; 0.417565345546622
Sistemas Operacionais; Lógica Matemática; 0.417893199163769; 0.417893199163769
Teoria da Computação; Lab. de Estrutura de Dados e Algoritmos; 0.418707440898786; 0.418707440898786
Redes de Computadores; Lab. de Intercon. de Redes de Computadores; 0.418827112738362; 0.418827112738362
Teoria dos Grafos; Matemática Discreta; 0.419153517222117; 0.419153517222117
Programação II; Paradigmas de Ling. de Programação; 0.41965405577315; 0.41965405577315
Redes de Computadores; Interconexão de Redes de Computadores; 0.420506980482612; 0.420506980482612
Org. e Arquitetura de Computadores I; Banco de Dados II; 0.422242617289184; 0.422242617289184
Teoria dos Grafos; Lógica Matemática; 0.422949661144064; 0.422949661144064
Teoria da Computação; Org. e Arquitetura de Computadores I; 0.423171008445192; 0.423171008445192
Sistemas de Informação II; Org. e Arquitetura de Computadores I; 0.423191911286439; 0.423191911286439
Org. e Arquitetura de Computadores I; Lab. de Estrutura de Dados e Algoritmos; 0.423277838308498; 0.423277838308498
Teoria da Computação; Probabilidade e Estatistica; 0.423612765003949; 0.423612765003949
Álgebra Vetorial e Geometria Analítica; Álgebra Linear I; 0.423774343135165; 0.423774343135165
Introdução à Computação; Estrutura de Dados e Algoritmos; 0.424098066565934; 0.424098066565934
Sistemas Operacionais; Banco de Dados II; 0.42424702729168; 0.42424702729168
Lab. de Estrutura de Dados e Algoritmos; Banco de Dados I; 0.424756291056585; 0.424756291056585
Métodos Estatisticos; Álgebra Linear I; 0.425556578100597; 0.425556578100597
Programação I; Introdução à Computação; 0.426698835479764; 0.426698835479764
Org. e Arquitetura de Computadores I; Análise e Técnica de Algoritmos; 0.426889603189066; 0.426889603189066
Compiladores; Banco de Dados I; 0.427052302209141; 0.427052302209141
Laboratório de Programação I; Estrutura de Dados e Algoritmos; 0.427644521783353; 0.427644521783353
Paradigmas de Ling. de Programação; Banco de Dados I; 0.428379331091577; 0.428379331091577
Sistemas Operacionais; Org. e Arquitetura de Computadores I; 0.428604136642099; 0.428604136642099
Org. e Arquitetura de Computadores I; Estrutura de Dados e Algoritmos; 0.4291096092615; 0.4291096092615
Estrutura de Dados e Algoritmos; Banco de Dados I; 0.429800606371435; 0.429800606371435
Teoria dos Grafos; Lab. de Estrutura de Dados e Algoritmos; 0.432476162484425; 0.432476162484425
Sistemas Operacionais; Sistemas de Informação II; 0.433204865835581; 0.433204865835581
Redes de Computadores; Org. e Arquitetura de Computadores I; 0.434947842046348; 0.434947842046348
Paradigmas de Ling. de Programação; Lab. de Estrutura de Dados e Algoritmos; 0.435053932402385; 0.435053932402385
Sistemas Operacionais; Redes de Computadores; 0.437243681698721; 0.437243681698721
Sistemas de Informação I; Programação II; 0.43786772687296; 0.43786772687296
Sistemas Operacionais; Paradigmas de Ling. de Programação; 0.438372025645727; 0.438372025645727
Teoria dos Grafos; Introdução à Computação; 0.438983607640432; 0.438983607640432
Org. e Arquitetura de Computadores I; Álgebra Linear I; 0.439260494459647; 0.439260494459647
Sistemas de Informação II; Redes de Computadores; 0.440060612142853; 0.440060612142853
Sistemas de Informação I; Estrutura de Dados e Algoritmos; 0.44211325825261; 0.44211325825261
Teoria da Computação; Lógica Matemática; 0.442174414920901; 0.442174414920901
Lab. de Estrutura de Dados e Algoritmos; Introdução à Computação; 0.442266480309637; 0.442266480309637
Sistemas Operacionais; Compiladores; 0.443231538788389; 0.443231538788389
Paradigmas de Ling. de Programação; Org. e Arquitetura de Computadores I; 0.445199544823132; 0.445199544823132
Sistemas de Informação II; Lógica Matemática; 0.44568301348372; 0.44568301348372
Lógica Matemática; Análise e Técnica de Algoritmos; 0.446836869307374; 0.446836869307374
Banco de Dados II; Banco de Dados I; 0.448575011643279; 0.448575011643279
Laboratório de Programação I; Lab. de Estrutura de Dados e Algoritmos; 0.449622142779106; 0.449622142779106
Org. e Arquitetura de Computadores I; Banco de Dados I; 0.450563034900156; 0.450563034900156
Sistemas Operacionais; Lab. de Estrutura de Dados e Algoritmos; 0.450613504366026; 0.450613504366026
Sistemas Operacionais; Programação II; 0.451900362798201; 0.451900362798201
Sistemas de Informação I; Lógica Matemática; 0.45327797532013; 0.45327797532013
Sistemas de Informação I; Banco de Dados I; 0.454025429472526; 0.454025429472526
Programação I; Laboratório de Programação II; 0.454191777253707; 0.454191777253707
Matemática Discreta; Estrutura de Dados e Algoritmos; 0.456409146225566; 0.456409146225566
Lógica Matemática; Lab. de Estrutura de Dados e Algoritmos; 0.456789619695532; 0.456789619695532
Métodos Estatisticos; Inteligência Artificial I; 0.458130882824846; 0.458130882824846
Laboratório de Programação I; Introdução à Computação; 0.458805845651566; 0.458805845651566
Sistemas de Informação I; Lab. de Estrutura de Dados e Algoritmos; 0.462662195078326; 0.462662195078326
Teoria da Computação; Estrutura de Dados e Algoritmos; 0.464142368644004; 0.464142368644004
Lógica Matemática; Inteligência Artificial I; 0.465014889111073; 0.465014889111073
Lógica Matemática; Estrutura de Dados e Algoritmos; 0.467047612621114; 0.467047612621114
Sistemas de Informação I; Org. e Arquitetura de Computadores I; 0.468427282266768; 0.468427282266768
Laboratório de Programação II; Laboratório de Programação I; 0.46956927770424; 0.46956927770424
Introdução à Computação; Álgebra Vetorial e Geometria Analítica; 0.469612537986811; 0.469612537986811
Programação II; Introdução à Computação; 0.472065959230079; 0.472065959230079
Laboratório de Programação II; Introdução à Computação; 0.472262932646644; 0.472262932646644
Paradigmas de Ling. de Programação; Lógica Matemática; 0.4735113243215; 0.4735113243215
Sistemas Operacionais; Lab. de Intercon. de Redes de Computadores; 0.473893681994821; 0.473893681994821
Inteligência Artificial I; Compiladores; 0.474186421631238; 0.474186421631238
Lógica Matemática; Banco de Dados I; 0.477177565261321; 0.477177565261321
Lógica Matemática; Álgebra Linear I; 0.477248417707041; 0.477248417707041
Sistemas Operacionais; Interconexão de Redes de Computadores; 0.4778680555023; 0.4778680555023
Lógica Matemática; Compiladores; 0.478190694290684; 0.478190694290684
Programação II; Estrutura de Dados e Algoritmos; 0.4806514960595; 0.4806514960595
Teoria dos Grafos; Programação II; 0.485291437978914; 0.485291437978914
Org. e Arquitetura de Computadores I; Lab. de Org. e Arquitetura de Computadores; 0.486048881297506; 0.486048881297506
Programação II; Laboratório de Programação I; 0.492902660534212; 0.492902660534212
Programação II; Programação I; 0.493470904949165; 0.493470904949165
Métodos Estatisticos; Lógica Matemática; 0.495135471391626; 0.495135471391626
Org. e Arquitetura de Computadores I; Lógica Matemática; 0.498126518711299; 0.498126518711299
Laboratório de Programação II; Lab. de Estrutura de Dados e Algoritmos; 0.499006270994632; 0.499006270994632
Projeto em Computação II; Projeto em Computação I; 0.508547651219701; 0.508547651219701
Programação II; Lab. de Estrutura de Dados e Algoritmos; 0.534575194960069; 0.534575194960069
Cálculo Diferencial e Integral I; Álgebra Vetorial e Geometria Analítica; 0.54402599788308; 0.54402599788308
Programação II; Laboratório de Programação II; 0.692859442372323; 0.692859442372323
Lab. de Estrutura de Dados e Algoritmos; Estrutura de Dados e Algoritmos; 0.712538830071775; 0.712538830071775
Programação I; Laboratório de Programação I; 0.891663037851214; 0.891663037851214
Lab. de Intercon. de Redes de Computadores; Interconexão de Redes de Computadores; 0.997732928672558; 0.997732928672558
